id,roleType
role_bad4e3cba4e2,Content responsible
role_15955fc859da,Content responsible
role_68dadd3d2e53,Content responsible
role_a71309cffd60,Content responsible
role_143c8699c020,Content responsible
role_45a6fd8856a6,Content responsible
role_b2499f30958a,Content responsible
role_c0799ca1f058,Content responsible
role_a3f986d2ea2e,Content responsible
role_9e97c6ca4b2b,Content responsible
role_5459e2d7f941,Content responsible
role_8609895efadd,Content responsible
role_abd522e8c04c,Content responsible
role_9b97e4c9e01d,Content responsible
role_93344a7d8922,Content responsible
role_34e25df0da02,Content responsible
role_f7854de94883,Content responsible
role_f9ed231e477c,Content responsible
role_31e879049e0c,Content responsible
role_2a589c337bf9,Content responsible
role_38a46c6d9a58,Content responsible
role_50d6283ba68b,Content responsible
role_159281885275,Content responsible
role_7764a408d06e,Content responsible
role_a89323c21b99,Content responsible
role_2e75c191bdc4,Content responsible
role_41e70b3093f4,Content responsible
role_3106c69f1b7a,Content responsible
role_6947ba4f353e,Content responsible
role_79346144625a,Content responsible
role_7a4d029fe239,Content responsible
role_81fb9bf7f212,Content responsible
role_85aaf7fe45fb,Content responsible
role_397c1094762d,Content responsible
role_24a0249070dd,Content responsible
role_3784ea94d4d6,Content responsible
role_2b0a9fede4ff,Content responsible
role_04afe7a8411c,Content responsible
role_e259b2a76c28,Content responsible
role_c00af3d1a08d,Content responsible
role_29506795771d,Content responsible
role_198049c8e089,Content responsible
role_c307d1563e08,Content responsible
role_26b35ccb2b78,Content responsible
role_9dd2e8cf82ce,Content responsible
role_00cf34faa007,Content responsible
role_84cd35f20a94,Content responsible
role_92109371ea63,Content responsible
role_5f324fe4d4e7,Content responsible
role_a2431a927206,Content responsible
role_299cc0d2efce,Content responsible
role_50e57a277607,Content responsible
role_804f79c5e240,Content responsible
role_07bdbd56094b,Content responsible
role_054cb413cc49,Content responsible
role_15b21d02281b,Content responsible
