tag_id,intention_id
tag_70bf15ca2419,int_fd45e58ead25
tag_50b16fb36d01,int_24c127301bea
tag_e29cf7a34cf5,int_a18f80bbbd47
tag_9c1621dfd779,int_b5aa3fcab7cd
tag_9bc5a808e8ad,int_578b893367e6
tag_520fc4f46dcd,int_29a306002691
tag_3db765239d71,int_5592d4a67d61
tag_7ba8e6b863b2,int_068ca16fff2c
tag_c5069badd847,int_36e7d085af08
tag_4be2c8d94c98,int_1313227bfd39
tag_52ee415739dd,int_038bf386f6e1
tag_93f7a95070a7,int_112ae27593c9
tag_b72cdc343506,int_f15bc32bc4f8
tag_c1c18040d175,int_1b9544e2b04f
tag_cbaf85409b80,int_5230bcb06576
tag_0517638ad747,int_b6ecb03c228d
tag_c817047397d2,int_5e8f8060d46b
tag_49cf97e84938,int_df4958be575e
tag_05d093390204,int_59b45695734f
tag_58bdaa4314e9,int_0e8c39ecea0e
tag_2da647df0b32,int_76ee6bcae9de
tag_f9e3bb40efb3,int_8e3e7019e6b1
tag_74e338be95d5,int_2d2ec9b28469
tag_72a46f62c03e,int_674e88e07702
tag_6b0468edf550,int_0719abb6e21e
tag_c66b6d591420,int_4a5b528fb581
tag_b6cab8915b9f,int_f72ebaea6686
tag_399fc8e763b7,int_2147451925d5
tag_09ca562d34f1,int_c961379752c2
tag_75ba557ad283,int_0bd516818bf3
tag_d6a7939135e8,int_bb9bf7ee084a
tag_e38f991f92f5,int_1308f42e6e77
tag_193cf382fe32,int_0f1099b3b24d
tag_70ba4fc451ef,int_b60a8c766a3e
tag_ff3d1e906acc,int_eebb2a0973cb
tag_08c341987104,int_2c4af2500630
tag_c4ec33367671,int_a83f7ac7ab85
tag_73fe1f0ecd07,int_b1feb73667ef
tag_57177c080f58,int_2e0db1ee11f6
tag_8e5927f4e00c,int_bcc3f1d0b86b
tag_78de08e42051,int_19fd17663eee
tag_a73bc0bb899a,int_7ea4a461217c
tag_d1ea108db35e,int_43c18bd89ecd
tag_d5513a946a14,int_e925e9494e3a
tag_7aac61b474a5,int_8de24e128ec4
tag_18772e5fbcd9,int_c1dcf2b68d33
tag_90e556b25f8e,int_68a289304fdb
tag_c3c5f8220f6e,int_02b2e08f03e2
tag_1dd471564c39,int_6649bbc0cb40
tag_5a93a89488a0,int_6c67ea97dbf6
tag_09ae799e9aa4,int_5fc6ff1c05f7
tag_e0ee594fe413,int_3543d99e9e69
tag_8c2b88b273e3,int_35ba8ee8ab6b
tag_ad0b9a1680a8,int_137d9f5656c9
tag_e2c8bbaf049b,int_331c0620eb15
tag_5939314b436a,int_6bdb095e179b
tag_e8a37dbcc72e,int_658c905c0e0b
tag_34988c683c36,int_9713e61b96af
tag_c7e0aa3c95b2,int_f123546f5d1c
tag_256f8db4e89a,int_4512e19b1af5
tag_723d2c9b64b0,int_7fa7811f46ad
tag_3dd5a50f8cfc,int_d9c220bec276
tag_786d1cdf5115,int_cd2093316401
tag_d31f6e85c8f9,int_57441d471564
tag_ef7c775613ac,int_b58e6e36ea81
tag_db06d9b7843a,int_9a079c5b7aa6
tag_7b0df29af7b7,int_8896f306dea6
tag_d1bdb0e7cb99,int_fa09bd5e0145
tag_275b328db2c0,int_6fee99c1d847
tag_9fedaa419ecc,int_1e723aa28b11
tag_7d700e70388d,int_f82d047337ca
tag_54916ae499a0,int_f9179060bfef
tag_9e9b3b89bc97,int_d427b90330c4
tag_f8a7124d0566,int_46f42c9d4b8e
tag_57f685bd2c6b,int_c67f41b13094
tag_52cfe05fd81e,int_d548870a2a78
tag_3cff9a99b618,int_9c4695da1d02
tag_be15a2dbe0f5,int_4c18b0508001
tag_13ab0e64b4b7,int_ab00559feaa6
tag_e9a430a238e3,int_1f47dd31d727
tag_94fb00b60443,int_173eefb6bca0
tag_31630da0fbb1,int_cb42ee7c3c19
tag_d9517ee41085,int_b19f904c5b0e
tag_ffe29e63bd69,int_b32bbc07c5b8
tag_6c1e287a2a57,int_50e3685b3866
tag_0557b02f3beb,int_e3f24819d1bf
tag_7ec5dd79add7,int_bcb16158958c
tag_ae94d521442a,int_0f1817efff08
tag_17d46cffdf47,int_8405a020332a
tag_18ac234ed650,int_813d8ff2a84c
tag_dd79e2195412,int_cd6482e691af
tag_53ae84ddaf8a,int_7bebc7b5d8ed
tag_abb6fb4f507e,int_040110a3db01
tag_70b754fc267d,int_4820da79b5bf
tag_fdb9807e1bb3,int_6457e84fe2fb
tag_9cc0fbe65e1e,int_557007a73177
tag_5f17a161af1b,int_a248ef4d7d61
tag_c321f8b16408,int_72d3b7f2bbf5
tag_212e1c150f98,int_cbeeeeea8651
tag_d18171939848,int_6d4f56a56648
tag_92298cb1e3ef,int_f6ef1a3bb412
tag_e8e1896cd333,int_42c8af06c92a
tag_d83b105f4f00,int_afbd847a89f7
tag_f6dcd2210fa7,int_58716123c77e
tag_3ed9a46a732a,int_b912699f4ef8
tag_456fa1ac9f71,int_c9b0706f4e0c
tag_b15face3d532,int_e9e304c42444
tag_21df38b5c005,int_17eaee5c413a
tag_77106e4d1b6e,int_43d144f2c8ff
tag_543638d2640c,int_b046ac51fda0
tag_cc25d0818d00,int_8794db3b0fd9
tag_5ddd2fbe1cdf,int_b2fa5b88aecf
tag_64d6383d99b1,int_64c9e1c38e51
tag_da5b174408ad,int_de677db15447
tag_3c90a54069dd,int_80289e3d95d0
tag_ff45c34db551,int_321c8b937201
tag_b4dc23cfbfee,int_43c85b98d553
tag_814b5df4d7f0,int_670d4ecacd05
tag_0b92afe4931a,int_30709ddb2b60
tag_4cb924d3935a,int_301d29660bb6
tag_e8f93606daf5,int_2fce16003b31
tag_a5b1dfcbbd84,int_b54f0c4eb8ed
tag_187c76003f60,int_a625882ebba4
tag_9de70d3c3de1,int_bee1e4a6eab1
tag_b78d6cc7a06c,int_7fc470490a32
tag_109c712f85a6,int_7b9a5440ac3b
tag_e8af2a5e9584,int_137ac1d1cbca
tag_8d36b50804db,int_69065280c30b
tag_01c98755b5eb,int_b812780c4c58
tag_5857849281e7,int_76de9c6dde16
tag_1559a8c5586e,int_a637ae661f73
tag_3efa703f94d3,int_8a3e23c087d3
tag_1fc2fff5b2b8,int_76f69e8d6c16
tag_ae0d43cbd083,int_d910e0731f75
tag_c183efaa8cdf,int_73bc06318eea
tag_98bfcfa17be3,int_b12a5394d29a
tag_2a9c1d97bfce,int_7380f56c5cf5
tag_eebc72fb5a6f,int_22848055c5d2
tag_6c4c19a4613e,int_07b6ddaf2e12
tag_270ef9c25f49,int_3bcdf8391021
tag_cb402c6ea895,int_9d7fd437761a
tag_347d6254b800,int_6045cd24dfe3
tag_ce6196c4f43f,int_e4867f30ee21
tag_6ff2079d875d,int_adcc54608283
tag_7f3575d2df83,int_e133702e3957
tag_70a7d223d355,int_20162f4ae4f6
tag_86266c950f02,int_3c133952772c
tag_2c87c39883b5,int_b1613ee3a891
tag_77d9ffa902cd,int_fe1c4527452c
tag_b058bf3ad867,int_dd4e7b8ee279
tag_a7c0833c34a2,int_81407d5ce174
tag_4dba5c3b6a60,int_9e692a7ea1fe
tag_46febae967d0,int_f28707031549
tag_86124bffe40b,int_851e7cef9ef4
tag_88d44966d0a9,int_da4de61c8bfe
tag_96b877d44b1c,int_d780b2c126be
tag_b1d2cc82c859,int_b7969ec4fa26
tag_1f77233edc36,int_fa073c778cf4
tag_d74b69bec019,int_732cc97b4f1e
tag_8365e40f74fb,int_192f1f12e3e1
tag_db8cdcb2aa84,int_9f932e4aea79
tag_9061894ce050,int_f2171f16c010
tag_67fcd4fb3978,int_3492ac021694
tag_9ba702fbb90d,int_7890c1822446
tag_1bd0d81ace62,int_b1c1ade902a0
tag_f65c36210853,int_12759d3bc8c8
tag_75a19cf01192,int_4e1171d28593
tag_07546e748247,int_49669a4547df
tag_0455efda1224,int_9fed849a7fd0
tag_3fd2c8b4c547,int_f586dbb5caa8
tag_7300d797b35e,int_78aa18109a23
tag_878fe51d2245,int_bc0f21737f5d
tag_00d0fc533021,int_8e73c8479b23
tag_cc2169edb661,int_640404f01216
tag_e5d5a2ee5284,int_71d47fce76e5
tag_23c538edfc03,int_aa76a0ffcfc0
tag_e2f519a0bf6d,int_014b64678baa
tag_d87515b3cc05,int_810eb4f42ea1
tag_e14b6f60bf31,int_6ef0cb48da90
tag_9fb86f42a332,int_9cfd420f9005
tag_f84fbe794a44,int_ac147a7885e6
tag_d35f7953e5a8,int_36070b5acc73
tag_f3b311f4bb39,int_83d7ae57201b
tag_2b4a3e234aae,int_05d3977defb3
tag_b89abb70d8e0,int_6eee93f8597e
tag_e5fa5aeef96e,int_8bab750f1065
tag_e539f72a81fb,int_67396fcfdd45
tag_ac1be620e973,int_5115db33bc52
tag_5b7d840177f6,int_fe717e9d54dc
tag_2a75a3797300,int_196f8ec45343
tag_de6dd8a88b21,int_2e32829f79fd
tag_24ecaab7132f,int_0bb9cbe20ab0
tag_a4c608cb7403,int_233f515ef88e
tag_ebe2fa13e8ce,int_cc114bdd1fa5
tag_ae8dfc2896d6,int_cd452268bd1d
tag_2181fb1fb963,int_f6ff6043b04c
tag_b722901e950f,int_c1a87b5c38ba
tag_fc8b329b32da,int_013fe310533c
tag_a9bb2068ee1c,int_9ac4528aca59
tag_8245afb29e95,int_ea8669b29a2b
tag_dd06101517f4,int_1ffb95f24f2a
tag_df01b3fd8078,int_26b866625279
tag_77de776c7266,int_601e2151e631
tag_0251e162cdf7,int_19deb6751112
tag_c67814bb7e86,int_66a4335eda9d
tag_94c9d16708e3,int_e0f077f91312
tag_695726c3f52b,int_4997ac172de8
tag_16382f1bc882,int_77a7ab26457f
tag_c902d9631a58,int_a0339b1ae7cf
tag_2d9c45e09f7e,int_9db5130862c8
tag_d8ae34933d49,int_150c01ad3d11
tag_ba27c8370ff7,int_5aa451efd080
tag_2df3cec5825c,int_207a4f991a2f
tag_57bdf30d16c0,int_29b9bec93ab4
tag_a4e469e2c8ca,int_93f9ede9eecd
tag_2362ca6a13f5,int_ac449b466bd6
tag_661a87f33ce8,int_c9d8d88faeaa
tag_5746313f0d47,int_b27e65f13046
tag_ae277a9e5dd4,int_5f49e8b345d0
tag_5ab625846d52,int_d22b73ad12d1
tag_47f0fd54bdba,int_38e13a5a224b
tag_2c9eb8dbbf11,int_1cce40cdb801
tag_357120aa6579,int_859da421a3a1
tag_96b58e2af113,int_c09764562a0a
tag_0547b610e8b3,int_8051222cd53a
tag_3efadcdac514,int_4885dbc8e4e6
tag_caf8af2ab9c6,int_af2919ff958b
tag_a1e04910299d,int_4f31b38a62b8
tag_a3d89d9524bc,int_6dad39b2533d
tag_f80ecd497f79,int_ff9ab7b64092
tag_3e70ff1d287a,int_a3d7494e6204
tag_88b7632760e1,int_0ae5625db2d4
tag_8662ceffe5eb,int_9dda74e5e8a3
tag_65696f020d97,int_dfb466033ca1
tag_2e58be7ff12d,int_4abc984959b5
tag_7b8621ce4b00,int_eaaccd3df241
tag_4bf50eebf4d7,int_89d260547b9c
tag_fb6d29fd2475,int_6303e510f935
tag_a0d74fb67a1f,int_6a00d6fd845d
tag_454647f8f606,int_048510755c0c
tag_64c8b930820b,int_b06cd5489130
tag_8213bbb803dd,int_2154a6887dcc
tag_7ba036042165,int_aa87a9534a16
tag_1d28e9a9fa0c,int_5078434c4b57
tag_a341cda6fcb8,int_2b864c6b64e5
tag_6c54944037c9,int_660cdf3b9bf7
tag_7d815fdf7392,int_d3715a025515
tag_2f3d18bdd364,int_ca66ee66354f
tag_c2b902a02f55,int_d0ddd0d92dd7
tag_58757e1da5a3,int_57a02841e7c6
tag_d13e795cd1cd,int_1a92c980b961
tag_55baa227a794,int_cf8496aff944
tag_3b66c2730ea7,int_6c6ecc59f0dd
tag_8b6cd0bd85ed,int_b6f27063a1ca
tag_32600a7357d4,int_81a58b42c0f9
tag_6dd5e010a494,int_f4932b860ffb
tag_3b2087e8fed5,int_84f3acf65760
tag_6e00b313a578,int_0f2c6861adff
tag_7d9be761c3f8,int_9568a7cc1226
tag_5b07ca2a1db3,int_d0e9062bc090
tag_8b9635d1fd94,int_dd7c511ce1d2
tag_6503b0ed4795,int_79720ce2429d
tag_286923eea8f1,int_18e9bf6aff65
tag_fc858fd8a2c3,int_0c10d480955e
tag_64821d4e3c73,int_12cb9098161b
tag_8060b8240453,int_0d3db5a3f136
tag_c15de6d2cecf,int_86b115e9a537
tag_20b1a005a18b,int_6b5d9ea00689
tag_b2d09785b953,int_0ef9c8350631
tag_f0e7dac31d5b,int_af907b3d88c8
tag_0495a79e36b1,int_9b236ab33860
tag_83ef594afbe0,int_42c53dd37023
tag_3afd47d461ad,int_891ccea9c374
tag_3f31a285a2c6,int_089a0fed744d
tag_1dff860c2dd4,int_9bca9e4335a9
tag_6a187cb56c24,int_43f1239ac46a
tag_bc473c9ab43b,int_a930b89a755e
tag_3b8e8e13cefb,int_dc84c17fb8e2
tag_0b601f168ab9,int_8bf58345db56
tag_699e18ebb210,int_0bd3387ac6a1
tag_ebe3c1777fbc,int_96e5ee659bea
tag_7820401e23fa,int_e7ff68131049
tag_e3f5018e647a,int_3b3bfaac866b
tag_8e38d829f3cf,int_792b79b460d9
tag_6af962b57022,int_9c5d8499f11e
tag_2d349dd37185,int_9ff80f3cc28a
tag_67f53ddb0c14,int_0bb7ae139ba9
tag_40eb22e24f3b,int_4378feafd6d3
tag_d5f83ac11d71,int_5445c72b48f2
tag_31398a54262e,int_06e50b4e16b2
tag_ace6cb86a685,int_fe40ad3d9e0c
tag_2757b8be238f,int_b207a3d5ae61
tag_b05a05c1f5b3,int_9a0de2518c3a
tag_ff959846b4e2,int_be9156a08eb2
tag_ec4bea1d6a10,int_3fbd89bd2bee
tag_d37f886168e7,int_dc140113185f
tag_a9df6ddeb72f,int_4455dc902610
tag_9243b70d72a2,int_a82f3c5e9267
tag_faa8726f67a7,int_ac12e6ed60c0
tag_bfa14387c1ae,int_68acaf723615
tag_bbbf895ee62c,int_8726f8faa6ba
tag_001de7950ef8,int_b977c66aff30
tag_b1ac295506d0,int_03ea094aef91
tag_b2890c345906,int_430a0e020e82
tag_908427a44b02,int_514fbdbc71f1
tag_4941d6ec092a,int_5a498b7a40ac
tag_3ce53ef38da1,int_5048dd93fde0
tag_babe46a7c4bf,int_b31fd62064f7
tag_8bed772ffcc2,int_b5be5e59f855
tag_a536606e3c26,int_a35d672762b3
tag_075a87c0bf72,int_a4fa9feefb36
tag_a1c82a2f14dc,int_6c0900248bfb
tag_665b8af52020,int_e5dcd225379e
tag_5268756b617b,int_a024b10caf1c
tag_01e8b7aab0df,int_bf0d39ef8de2
tag_f73f724072ab,int_9cd238c8f475
tag_d2f8630c62be,int_3e93f15b5647
tag_6a6c10f55aae,int_373701229035
tag_3f566362e023,int_a928edba8f6d
tag_de09c64e8b77,int_db1f930979b3
tag_4036393e4c87,int_5d816e5f6672
tag_b7b96832c228,int_73d56d2d5d9e
tag_d84ce4d14ffb,int_f3b5121f04b9
tag_6b6cf37c7f38,int_aa02485e4a42
tag_5ae777293238,int_34108ab68324
tag_c75688b0b592,int_5f330aed4cd7
tag_3b23bdac3254,int_70093e4c094a
tag_e3e0388ac39e,int_b0cff9e6a65c
tag_ad4d6c0a4739,int_379bfa28b555
tag_4d34bfe522bc,int_604266ee2e93
tag_3c417cfac115,int_116356d2500e
tag_0f4af73960d5,int_47a6d3514e5a
tag_270346d7e76c,int_d0e66d8c9d47
tag_23255e59d269,int_21a2699949cd
tag_25f74326c8e3,int_47a2b3e346c0
tag_721531417f4a,int_563f46814cd1
tag_916fd372b978,int_dfc0380c80ef
tag_159d5ea9a963,int_0406a1be6230
tag_937d00a9caf5,int_79feeb44bfdf
tag_05e575458a25,int_6b4a85acd0c5
tag_19dc0c9bc034,int_d7f4df0bd8c2
tag_916b386e4aa7,int_bb359c6298cf
tag_93070740aa1c,int_184a4b97d01a
tag_add2c124057f,int_051cfdb3627b
tag_23fa8e8d13e4,int_dfeb2c43bb98
tag_dbfedea8b19c,int_4a2b105cf029
tag_0ce3c680b855,int_ac5c3c72be8f
tag_a5bc6d4abe30,int_17901c163d6a
tag_c6ba9527cbf6,int_3f63044c8166
tag_38e6a6dd502d,int_90836211c7c6
tag_84c10ed8f0ef,int_14fce2519ca0
tag_b772c7c6c83d,int_01d583a7e83f
tag_740231f1dc0f,int_26dbb60511ac
tag_2bd5dc33fc55,int_2d1c195c1c99
tag_1bc19c2ed197,int_035665e39fb6
tag_3d75e059b86b,int_d489193f8e7a
tag_0db5ed769246,int_a3073e5f8101
tag_217b4a760281,int_7135abd6125f
tag_8f79407086c7,int_bbb7a05b9711
tag_1ad106975974,int_40e2f395642d
tag_d19fa35f2e34,int_de62e346f681
tag_8c6f80559bc7,int_f3409f5a92bd
tag_81363aa89214,int_cfc4efc205e7
tag_489a04ae39e6,int_b2879ff44edb
tag_f9dcbee31374,int_d8abf2b928e9
tag_f0a7a3cd7737,int_116633876adf
tag_eddb3494e04e,int_67bfe8109e0b
tag_01296aa9c429,int_5a4ccdb39c21
tag_8f952f5c4c3f,int_0931d9cbc8ec
tag_4913d3b2c440,int_d6928e265b5b
tag_9ec9ebef30e3,int_ddab02595af2
tag_7c9368a0952f,int_341bff715c82
tag_a6ced18c76d4,int_815087e2641a
tag_6913a9f1656d,int_b32bd6b30158
tag_c7ae62aa72c0,int_f3e364feb08e
tag_f0b54d6165c7,int_d86336777452
tag_0fc93c7099d7,int_47a8784dbcc2
tag_4670c2074053,int_2c24ebb0b5c1
tag_dec17da38b40,int_22ed40c627cf
tag_8cb2e734e278,int_df238945ea49
tag_e3c2a34f41c7,int_3c6a768d7386
tag_1dcc064c07ff,int_df5597f46f7a
tag_a47998ed7860,int_2c06c6ff4a97
tag_d492da7cc398,int_6c95b6868629
tag_1a47880d8302,int_960b4967e715
tag_91804f5ce7dd,int_769ec4c82495
tag_66629504b618,int_0e15bfcb7d47
tag_ad6c21b5799d,int_35323e7a4127
tag_049b0e531e56,int_92a75bb0fbbb
tag_d71c103a0168,int_82e6947dcf71
tag_85e27562b270,int_5c5af2cd38fd
tag_510fb0f42543,int_eb6259965675
tag_0db20513629c,int_d8e959992db0
tag_5927fa614a19,int_b715b7b5be71
tag_0366c8dc6ff0,int_dab3077a41e8
tag_8ba6bc82f5bf,int_65cf8f877795
tag_f4bc2ae01177,int_c2b5eaa22b49
tag_65cbc34f8e12,int_651bb5de3f83
tag_65b6567bbb81,int_99b7b36d1566
tag_f7bed8c7a47f,int_160a4cce0795
tag_ab6aec54fe7b,int_189f78fffede
tag_b98d7ddb19fa,int_026d2e1063e2
tag_40d88bd55545,int_7a7276bf1cb2
tag_97376beef8d9,int_7b3ea4f1934c
tag_bace2d8cec9a,int_9bc28a980086
tag_64195efdf235,int_73f7763d3fde
tag_704ebe025475,int_86ecd844e3f9
tag_3322f9a2c72b,int_411dadfd80b1
tag_577642f6a1f1,int_21a792dd5289
tag_d85952b4571c,int_4ad5ccd98da9
tag_e652f4d39c33,int_dfa678f82bf6
tag_c17a2bdb85bc,int_4c755c6aa15e
tag_04d602e23302,int_376f7a07671e
tag_99d16664ed4d,int_74562dbf3bb3
tag_569f83b6d1c0,int_c4bbd85da885
tag_3a3c9db777b4,int_6aa1f72e8f27
tag_e9de148b02e6,int_3556eb4141a5
tag_1685a5e39425,int_2b3718327680
tag_9cb142a78a7b,int_174bd4411b4e
tag_5276fda226de,int_2c55d3a50f2d
tag_245d2585c0c4,int_6f5aeb09c645
tag_e68a38369d47,int_50086b8a593e
tag_c70b7c0cba05,int_c6515a72f333
tag_d72f76a4a7c5,int_633fac7280e3
tag_15ffef172320,int_fabc6a63cfff
tag_16d32a3a3cd7,int_52485c486bf5
tag_f4330d666c59,int_271a8e3f1eb5
tag_e514384b13ee,int_1efbb7111729
tag_2baeabe39ab9,int_05b46f2c67ae
tag_b1494449ea01,int_472efd0c9dca
tag_cda03272ac2d,int_4402df4797a6
tag_d5f6d9193e5f,int_7424414f47ef
tag_830d7ad6df03,int_c2dab6b53141
tag_e9bde7159b57,int_3f61c43494aa
tag_33e1ba07038d,int_971be43c8b47
tag_0a9f1b9636fc,int_f10a1df014e7
tag_5076d6bdc1c2,int_e7273d08c0d3
tag_91e2f02f36ff,int_c4a1d734705f
tag_5dbba017603b,int_ee72e90e9387
tag_396bd16855b4,int_aa731ca72dee
tag_bc7f709e1e7a,int_e4a3a37c225f
tag_6ba6bc181d00,int_149e780547da
tag_330991a588a6,int_0e68e0190636
tag_e460b76c77e3,int_21058b0d7093
tag_56556f878212,int_acad1b1ddd20
tag_0d3d33d40f7d,int_77e29d4d4971
tag_4584fff842d7,int_9edfd444d430
tag_0c6888208637,int_71ffbd349af7
tag_25759154881f,int_c5414ccc5f14
tag_3996a1d43ff3,int_832dc68c3b63
tag_d08d3d364038,int_956decb736f0
tag_d7ff68289a42,int_a8796b7f0118
tag_61943e08b20c,int_56c2578f0cc6
tag_ab7ebfcf63c6,int_236afbe9ef73
tag_4a3a714cbbb3,int_9d1f100e2576
tag_22cc5029c10a,int_68847357d18b
tag_585ea2c1af0f,int_ddb2599679b8
tag_1f196ec03851,int_5bf030b6e7c8
tag_b19188cf8aab,int_8fcf52528ab4
tag_d6b30ddc53cf,int_817ea7fc08f8
tag_738f5447d80c,int_ec4101a720e5
tag_f4c6acbff005,int_4e60a64f3bdd
tag_065ca5178806,int_851bae152856
tag_296302f2957a,int_78c980b70207
tag_1f9643798c40,int_ed5354a9c2f9
tag_184a985432ad,int_a669233b1379
tag_d0335a9cced7,int_f171317fd308
tag_ce1533a6faef,int_d96b7e937525
tag_05da9eaebb8b,int_2a8b93b2f26f
tag_faabfbc6e47f,int_e9e4c5051361
tag_fb8a24bc8de6,int_5f794a9991c7
tag_0cf99706a51a,int_1cb166779537
tag_6314f09f660d,int_c7c73cec16a7
tag_055ef17b3f6f,int_1fc344820727
tag_906c77ac520a,int_01d805b1766e
tag_8d2fb7af02dc,int_61cc59e229f7
tag_9712b68ccee1,int_e2c7901e4b35
tag_c5a243117741,int_8cc80d9fb7e6
tag_e6431c8e7cdf,int_e2d76d2b3aaa
tag_f3fd7c53ca9c,int_a71bc8f0e519
tag_0fa722edd6ac,int_26098db3f1d0
tag_7c49dc6c587c,int_b5ae9aa2d580
tag_f7620626711a,int_c5d690920c08
tag_dabe71f09ca6,int_61628a67625e
tag_568b3678bc64,int_50dc7ce2167e
tag_c5f643179f05,int_54c37bd638ba
tag_69d0f3170f3c,int_39f053617f5b
tag_e44aef2f92a8,int_d561363c1c3c
tag_774674d95049,int_05258035d4cf
